indiv,blueprint,scores,features,species,generation
1,4,"[2.302792476654053, 0.0995]","(3, 2, 351)",0,0
2,12,"[2.301543092727661, 0.1095]","(5, 4, 570)",1,1
