{
    "val_loss": [
        2.302770896530151
    ],
    "val_acc": [
        0.1
    ],
    "loss": [
        2.3722304960531724
    ],
    "acc": [
        0.09889316651103662
    ]
}