epoch,accuracy,loss,val_accuracy,val_loss
0,0.42087745666503906,1.6133575439453125,0.18780000507831573,2.6577980518341064
