epoch,step,pairs_evaluated,pct_negative,proj_frac,proj_mag_mean
1,1,0,0.000000,0.000000,0.000000
1,2,0,0.000000,0.000000,0.000000
1,3,0,0.000000,0.000000,0.000000
1,4,0,0.000000,0.000000,0.000000
1,5,0,0.000000,0.000000,0.000000
